first_name,last_name,age,height
John,Doe,28,175
Alice,Smith,32,162
Bob,Johnson,45,180
Emily,Brown,27,158

aaaaaaaaaaaaaaaaaaaaaaaaaaaaaaaaaaaaaaaaaaaaaaaaaaaaaaaaaaaaaaaaaaaaaaaaaaaaaaaaaaaaaaaaaaaaaaaaaaaaaaaaaaaaaaaaaaaaaaaaaaaaaaaaaaaaaaaaaaaaaaaaaaaaaaaaaaaaaaaaaaaaaaaaaaaaaaaaaaaaaaaaaaaaaaaa,Lopez,30,170

Chris,Anderson,40,182

Michael,Superlonglastname_superlonglastname_superlonglastname_superlonglastname_superlonglastname_superlonglastname_superlonglastname_superlonglastname_,36,177

Sophie,Turner,29,165

Jonathan,aaaaaaaaaaaaaaaaaaaaaaaaaaaaaaaaaaaaaaaaaaaaaaaaaaaaaaaaaaaaaaaaaaaaaaaaaaaaaaaaaaaaaaaaaaaaaaaaaaaaaaaaaaaaaaaaaaaaaaaaaaaaaaaaaaaaaaaaaaaaaaaaaaaaaaaaaaaaaaaaaaaaaaaaaaaaaaa,33,172

Kim,Lee,26,160
